INSERT INTO Rider VALUES('R0808','S.Coups','010-1995-0808','S');
INSERT INTO Rider VALUES('R0610','Jun','010-1996-0610','S');
INSERT INTO Rider VALUES('R1107','The8','010-1997-1107','F');
INSERT INTO Rider VALUES('R0218','DK','010-1997-0218','W');
INSERT INTO Rider VALUES('R0116','S.k.','010-1998-0116','F');
INSERT INTO Rider VALUES('R0211','Dino','010-1999-0211','W');

SELECT * FROM Rider;

INSERT INTO Customer VALUES('C1004','J.Han','S','F');
INSERT INTO Customer VALUES('C1230','Joshua','S','W');
INSERT INTO Customer VALUES('C0615','Hoshi','A','S');
INSERT INTO Customer VALUES('C0717','Wonwoo','A','S');
INSERT INTO Customer VALUES('C1122','Woozi','A','F');
INSERT INTO Customer VALUES('C0406','MinGyu','B','S');
INSERT INTO Customer VALUES('C0218','Vernon','C','W');

SELECT * FROM Customer;

INSERT INTO Shop VALUES('S0424','FML',3800,'S');
INSERT INTO Shop VALUES('S0527','Face the Sun',4500,'W');
INSERT INTO Shop VALUES('S0415','Darl+ing',2000,'F');
INSERT INTO Shop VALUES('S1022','Attacca',2500,'F');
INSERT INTO Shop VALUES('S0618','Your Choice',4000,'S');

SELECT * FROM Shop;

INSERT INTO Menu VALUES('M1019','Sushi','S0424',8000,'Japanese');
INSERT INTO Menu VALUES('M0622','Bulgogi','S0618',9000,'Korean');
INSERT INTO Menu VALUES('M0916','Spaghetti','S0527',12000,'Western');
INSERT INTO Menu VALUES('M0805','Jajangmyeon','S1022',5000,'Chinese');
INSERT INTO Menu VALUES('M0121','Steak','S0415',19000,'Western');
INSERT INTO Menu VALUES('M0716','Corn Soup','S0415',2000,'Western');
INSERT INTO Menu VALUES('M0205','Udon','S0424',7500,'Japanese');
INSERT INTO Menu VALUES('M1106','Bibimbap','S0527',9500,'Korean');
INSERT INTO Menu VALUES('M2091','Risotto','S0415',11000,'Western');
INSERT INTO Menu VALUES('M3226','Champon','S1022',6500,'Chinese');
INSERT INTO Menu VALUES('M4961','Salad','S0527',3500,'Western');
INSERT INTO Menu VALUES('M5004','Kimchi pancake','S0618',6500,'Korean');

SELECT * FROM Menu;

INSERT INTO Orders VALUES('O0522','C1004','S1022','R1107','2023-05-26 15:45:21','In delivery');
INSERT INTO Orders VALUES('O0704','C0717','S1022','R0610','2023-05-26 15:58:11','Cooking');
INSERT INTO Orders VALUES('O0425','C1230','S0527','R0218','2023-05-26 13:00:22','Cooking');
INSERT INTO Orders VALUES('O0910','C1122','S0415','R0116','2023-05-25 12:15:34','Complete');
INSERT INTO Orders VALUES('O0529','C0218','S0527','R0211','2023-05-26 12:43:06','In delivery');
INSERT INTO Orders VALUES('O1205','C0406','S0618','R0610','2023-04-20 11:12:02','Complete');

SELECT * FROM Orders;

